Location	Zipcode
"3300 BLOCK F ST"	19134
"3700 BLOCK K ST"	19134
"2200 BLOCK S 6TH ST"	19148
"7800 BLOCK MICHENER AV"	19150
"D ST & E ROOSEVELT BLVD"	19120
"ALGON AV & SOLLY AV"	19152
"2700 BLOCK S 56TH ST"	19143
"E OLNEY AV & RISING SUN AV"	19120
"4300 BLOCK ARAMINGO AV"	19124
"5200 BLOCK MARKET ST"	19139
"100 BLOCK W WESTMORELAND ST"	19140
"6300 BLOCK DITMAN ST"	19135
"N 63RD ST & JEFFERSON ST"	19151
"1500 BLOCK N NEWKIRK ST"	19121
"3000 BLOCK FANSHAWE ST"	19149
"N 9TH ST & MARKET ST"	19107
"2500 BLOCK S 68TH ST"	19142
"6400 BLOCK GRAYS AV"	19142
"5700 BLOCK KEMBLE AV"	19141
"2400 BLOCK N PATTON ST"	19132
"4400 BLOCK N 5TH ST"	19140
"5700 BLOCK N 20TH ST"	19138
"1 BLOCK N 53RD ST"	19139
"800 BLOCK GRANITE ST"	19124
"5200 BLOCK LARCHWOOD AV"	19143
"5800 BLOCK PENTRIDGE ST"	19143
"2700 BLOCK N MASCHER ST"	19133
"1100 BLOCK W SOMERVILLE AV"	19141
"5900 BLOCK WARRINGTON AV"	19143
"2400 BLOCK W DAUPHIN ST"	19132
"4100 BLOCK FRANKFORD AV"	19124
"1200 BLOCK ALCOTT ST"	19149
"2500 BLOCK N 29TH ST"	19132
"5600 BLOCK MC MAHON ST"	19144
"6000 BLOCK BAYNTON ST"	19144
"3200 BLOCK N 13TH ST"	19140
"6500 BLOCK REGENT ST"	19142
"3000 BLOCK AMBER ST"	19134
"6000 BLOCK THEODORE ST"	19142
"2800 BLOCK N SWANSON ST"	19134
"1700 BLOCK N 59TH ST"	19151
"1 BLOCK N St BERNARD ST"	19139
"1 BLOCK N St BERNARD ST"	19139
"4600 BLOCK GRISCOM ST"	19124
"900 BLOCK ORTHODOX ST"	19124
"S BROAD ST  &  SNYDER AV"	19148
"3800 BLOCK MELON ST"	19104
"1900 BLOCK W ONTARIO"	19140
"5800 BLOCK CASTOR AV"	19149
"6300 BLOCK KEYSTONE ST"	19135
"2900 BLOCK N CHALMERS AV"	19132
"100 BLOCK SPRING GARDEN ST"	19123
"5000 BLOCK MC KEAN AV"	19148
"B ST  &  E ALLEGHENY AV"	19134
"600 BLOCK WALNUT LN"	19144
"1500 BLOCK S PATTON ST"	19146
"1500 BLOCK S PATTON ST"	19146
"2100 BLOCK CECIL B MOORE AV"	19121
"1000 BLOCK CANTRELL ST"	19148
"2200 BLOCK W THOMPSON ST"	19121
"7600 BLOCK WOOLSTON AV"	19150
"CECIL B MOORE AV  &  N AMERICAN ST"	19122
"S 44TH ST  &  SPRUCE ST"	19104
"2400 BLOCK CLIFFORD ST"	19121
"100 BLOCK W LOGAN"	19144
"1 BLOCK N 57TH ST"	19139
"1500 BLOCK N 10TH ST"	19122
"3200 BLOCK N STILLMAN ST"	19129
"12000 BLOCK KNIGHTS RD"	19154
"2600 BLOCK E VENANGO ST"	19134
"2800 BLOCK MUTTER ST"	19133
"2100 BLOCK W DAUPHIN ST"	19132
"2000 BLOCK S 67TH ST"	19142
"8000 BLOCK DITMAN ST "	19136
"E ROOSEVELT BLVD  &  WOODWARD ST"	19152
"600 BLOCK SOUTH ST"	19147
"1700 BLOCK N 24TH ST"	19121
"2100 BLOCK N NEWKIRK ST"	19121
"2400 BLOCK CLIFFORD ST"	19121
"3300 BLOCK D ST"	19120
"6000 BLOCK LAWNDALE AV"	19111
"700 BLOCK N 42ND ST"	19104
"3300 BLOCK ELLA ST"	19134
"3000 BLOCK PAGE ST"	19121
"1700 BLOCK MANTON ST"	19146
"1300 BLOCK RHAWN ST"	19152
"2400 BLOCK N MYRTLEWOOD ST"	19132
"N BROAD ST  &  W FISHERS LA"	19141
"4400 BLOCK HOLDEN ST"	19139
"N 6TH ST  &  W ALLEGHENY AV"	19133
"2000 BLOCK E WESTMORELAND ST"	19134
"SEDGLEY DR  &  POPLAR DR"	19130
"4900 BLOCK W MASTER ST"	19131
"N 11TH ST & W LOUDEN ST"	19141
"2800 BLOCK WOODSTOCK ST"	19132
"1600 BLOCK HARRISON ST"	19124
"600 BLOCK W LURAY ST"	19140
"5300 BLOCK CLARIDGE ST"	19124
"2800 BLOCK WELSH RD"	19152
"4600 BLOCK ARAMINGO AV"	19137
"1 BLOCK N 52ND ST"	19139
"ROBBINS ST & TORRESDALE AV"	19135
"BETSY ROSS BR & DELAWARE EXP"	
"1300 BLOCK S 56TH ST"	19143
"2800 BLOCK HOPE ST"	19133
"8800 BLOCK KREWSTOWN RD"	19115
"4500 BLOCK N BROAD ST"	19140
"1200 BLOCK N 30TH ST"	19121
"2600 BLOCK DICKINSON ST"	19146
"2900 BLOCK B ST"	19134
"600 BLOCK HOFFMAN ST"	19148
"5100 BLOCK S 11TH ST"	19141
"5100 BLOCK S 11TH ST"	19141
"5100 BLOCK S 11TH ST"	19141
"2800 BLOCK ROSEHILL ST"	19134
"6400 BLOCK DICKS AV"	19142
"700 BLOCK ARCH ST"	19106
"5800 BLOCK HOFFMAN AV"	19143
"W BERKS ST & GEORGES LA"	19122
"900 BLOCK ANCHOR ST"	19124
"4800 BLOCK N FRANKLIN ST"	19120
"1400 BLOCK W OLNEY AV"	19141
"400 BLOCK GLEN ECHO RD"	19119
"600 BLOCK FITZGERALD ST"	19148
"4000 BLOCK POPLAR ST"	19104
"7500 BLOCK THOURON AV"	19150
"N 16TH ST  &  OLIVE ST"	19130
"2000 BLOCK GRANITE ST"	19124
"3000 BLOCK W BERKS ST"	19121
"4800 BLOCK D ST"	19120
"N 7TH ST  &  W VENANGO ST"	19140
"S 9TH ST  &  MARKET ST"	19107
"500 BLOCK N 35TH ST"	19104
"1600 BLOCK S 23RD ST"	19145
"4800 BLOCK FRANKFORD AV"	19124
"7800 BLOCK TEMPLE RD"	19150
"3800 BLOCK CAMBRIDGE ST"	19104
"N 33RD ST  &  W NORRIS ST"	19121
"S 72ND ST  &  LINDBERGH BLVD"	19153
"VINE ST  &  N 17TH ST"	19103
"FRANKFORD AV  &  E CAMBRIA ST"	19134
"5400 BLOCK MARKET ST"	19139
"7100 BLOCK OGONTZ AV"	19138
"200 BLOCK E WISHART ST"	19134
"2100 BLOCK N 31ST ST"	19121
"7400 BLOCK E ROOSEVELT BLVD "	19152
"1500 BLOCK BROWN ST"	19130
"1700 BLOCK S CHADWICK ST"	19145
"2500 BLOCK S 66TH ST"	19142
"3800 BLOCK PARRISH ST"	19104
"2100 BLOCK S ISEMINGER ST"	19148
"ARROTT ST  &  LEIPER ST"	19124
"2500 BLOCK DIAMOND ST"	19121
"4800 BLOCK WAYNE AV"	19144
"400 BLOCK W CHEW AV"	19120
"N 3RD ST  &  W LEHIGH AV"	19133
"1000 BLOCK W INDIANA AV"	19133
"BUSTLETON AV  &  COTTMAN AV"	19149
"2100 BLOCK S SWANSON ST"	19148
"N 38TH ST &  SPRING GARDEN ST"	19104
"1300 BLOCK N 10TH ST"	19122
"1300 BLOCK N 10TH ST"	19122
"2900 BLOCK N 22ND ST"	19132
"1300 BLOCK ANCHOR ST"	19124
"4700 BLOCK LEIPER ST"	19124
"1800 BLOCK W HUNTING PARK AV"	19140
"2300 BLOCK N 13TH ST"	19132
"500 BLOCK W MOYAMENSING AV"	19148
"600 BLOCK KELLY DR"	19130
"800 BLOCK E HILTON ST"	19134
"6900 BLOCK E ROOSEVELT BLVD"	19149
"5600 BLOCK STOKES ST"	19144
"2600 BLOCK N BROAD ST"	19132
"8900 BLOCK E ROOSEVELT BLVD"	19115
"5600 BLOCK N BROAD ST"	19141
"1800 BLOCK MORRIS ST"	19145
"6100 BLOCK WALTON AV"	19143
"900 BLOCK BORBECK AV"	19111
"400 BLOCK ABBOTTSFORD AVE"	19144
"5800 BLOCK BEAUMONT ST"	19143
"5000 BLOCK KERSHAW ST"	19131
"5600 BLOCK BELMAR ST"	19143
"900 BLOCK S 4TH ST"	19147
"4500 BLOCK N BOUVIER ST"	19140
"3400 BLOCK BLEIGH AV"	19136
"S DEWEY ST & MARKET ST"	19139
"4900 BLOCK ASPEN ST"	19139
"2800 BLOCK N RINGGOLD ST"	19132
"2300 BLOCK S FRANKLIN ST"	19148
"1300 BLOCK E HAINES ST"	19138
"4600 BLOCK N PENN ST"	19124
"1800 BLOCK W 67TH AV"	19126
"S 7TH ST & CHRISTIAN ST"	19147
"2200 BLOCK STENTON AV"	19138
"1300 BLOCK W JEROME ST"	19140
"3400 BLOCK N 17TH ST"	19140
"2500 BLOCK W SELTZER ST"	19132
"5800 BLOCK PENTRIDGE ST"	19143
"5400 BLOCK SUMMER ST"	19139
"4700 BLOCK E ROOSEVELT BLVD"	19124
"100 BLOCK E ELEANOR ST"	19120
"E ERIE AV & GLENDALE ST"	19124
"6600 BLOCK HADDINGTON LA"	19151
"3100 BLOCK FONTAIN ST"	19121
"1200 BLOCK N BROAD ST"	19121
"E CAMBRIA ST & ROSEHILL ST"	19134
"W LOUDEN ST & N MARVINE ST"	19141
"600 BLOCK E ONTARIO ST"	19134
"N 15TH ST & JOHN F KENNEDY BLVD"	19102
"4900 BLOCK ROYAL ST"	19144
"3700 BLOCK MAIN ST"	13673
"400 BLOCK DALY ST"	19148
"3000 BLOCK CEDAR ST"	19134
"5100 BLOCK WESTFORD RD"	19120
"2300 BLOCK W CAMBRIA ST"	19132
"S 52ND ST & MARKET ST"	19139
"8000 BLOCK OGONTZ AV"	19150
"1900 BLOCK W GIRARD AVE"	19130
"300 BLOCK MORRIS ST"	19148
"2200 BLOCK N VAN PELT ST"	19132
"4000 BLOCK POPLAR ST"	19104
"900 BLOCK S 53RD ST"	19143
"E HUNTINGDON ST & KENSINGTON AV"	19125
"1900 BLOCK E WASHINGTON LA"	19138
"1 BLOCK E JOHNSON ST"	19144
"1700 BLOCK MCKEAN ST"	19145
"2000 BLOCK S HEMBERGER ST"	19145
"2200 BLOCK BOLTON WAY"	19121
"2500 BLOCK N 19TH ST"	19132
"4800 BLOCK E ROOSEVELT BLVD"	19124
"S 15TH ST & MARKET ST"	19102
"3200 BLOCK MANTUA AV"	19104
"3200 BLOCK MANTUA AV"	19104
"300 BLOCK N FRONT ST"	19106
"1800 BLOCK CECIL B MOORE AV"	19121
"GERMANTOWN AV  &  W HUNTING PARK AV"	19140
"RHAWN ST  &  LEXINGTON AV"	19152
"4600 BLOCK PARRISH ST"	19139
"3000 BLOCK W LEHIGH AV"	19132
"1300 BLOCK MARKET ST"	19107
"5200 BLOCK WAKEFIELD ST"	19144
"2000 BLOCK N 11TH STREET IS ST"	19107
"5200 BLOCK N 5TH ST"	19120
"5000 BLOCK PARRISH ST"	19139
"5000 BLOCK PARRISH ST"	19139
"5600 BLOCK WALNUT ST"	19139
"FOX ST  &  W ABBOTTSFORD AV"	19129
"2000 BLOCK W TIOGA ST"	19140
"1600 BLOCK S 59TH ST"	19143
"7900 BLOCK PICKERING AV"	19150
"3100 BLOCK POTTER ST"	19134
"600 BLOCK N 65TH ST"	19151
"800 BLOCK LINDLEY AV"	19141
"1500 BLOCK N MYRTLEWOOD ST"	19121
"100 BLOCK N CONESTOGA ST"	19139
"8400 BLOCK BARTRAM AV"	19153
"2200 BLOCK BOLTON WAY"	19121
"200 BLOCK W WESTMORELAND ST"	19140
"1600 BLOCK STAUB ST"	19140
"6300 BLOCK GERMANTOWN AV"	19144
"5900 BLOCK ELMHURST ST"	19149
"5500 BLOCK WALNUT ST"	19139
"200 BLOCK MARKET ST"	19106
"4500 BLOCK N 19TH ST"	19140
"2100 BLOCK W ERIE AV"	19140
"100 BLOCK W WISHART ST"	19133
"7500 BLOCK LANSDOWNE AV"	19151
"5000 BLOCK N CAMAC ST"	19141
"900 BLOCK E JOHNSON ST"	19138
"1800 BLOCK N 27TH ST"	19121
"3400 BLOCK GERMANTOWN AVE"	19140
"2100 BLOCK E NORRIS ST"	19125
"100 BLOCK W SUSQUEHANNA AV"	19122
"7500 BLOCK TORRESDALE AV"	19136
"8800 BLOCK DITMAN ST"	19136
"5200 BLOCK IRVING ST"	19139
"2400 BLOCK N 5TH ST"	19133
"66TH AV  &  OLD YORK RD"	19126
"200 BLOCK W GLENWOOD AV"	19140
"N 9TH ST &  W MONTGOMERY AV"	19122
"4200 BLOCK WAYNE AVE"	19140
"6800 BLOCK RISING SUN AV"	19111
"3400 BLOCK AMBER ST"	19134
"5500 BLOCK BELMAR ST"	19143
"700 BLOCK N CROSKEY ST"	19130
"1900 BLOCK STENTON AV"	19138
"2000 BLOCK DICKINSON ST"	19146
"900 BLOCK N 19TH ST"	19130
"S 6TH ST & WATKINS ST"	19148
"3000 BLOCK N LAWRENCE ST"	19133
"2100 BLOCK S 7TH ST"	19148
"2100 BLOCK S 7TH ST"	19148
"4900 BLOCK HOOPES ST"	19139
"1100 BLOCK N 40TH ST"	19104
"N 30TH ST & W CUMBERLAND ST"	19132
"100 BLOCK W ROOSEVELT BLVD"	19120
"200 BLOCK E BRINGHURST ST"	19144
"5400 BLOCK HARLEY TER"	19143
"4800 BLOCK MC KEAN AV"	19144
"1500 BLOCK W ALLEGHENY AV"	19132
"3400 BLOCK N 15TH ST"	19140
"1200 BLOCK CHESTNUT ST"	19107
"4000 BLOCK E ROOSEVELT BLVD"	19124
"600 BLOCK S YEWDALL ST"	19143
"3100 BLOCK JASPER ST"	19134
"ARCH ST & N BROAD ST"	19107
"S 4TH ST & WALNUT ST"	19106
"300 BLOCK S PRESTON ST"	19104
"5100 BLOCK WARREN ST"	19131
"7200 BLOCK FRANKFORD AV"	19149
"1800 BLOCK N 59TH ST"	19131
"3300 BLOCK GRATZ ST"	19140
"1300 BLOCK S CARLISLE ST"	19146
"3000 BLOCK N CARLISLE ST"	19132
"5800 BLOCK GERMANTOWN AV"	19144
"6000 BLOCK MARKET ST"	19139
"5800 BLOCK PINE ST"	19143
"1900 BLOCK N STANLEY ST"	19121
"1900 BLOCK ELSTON ST"	19138
"6100 BLOCK BELFIELD AV"	19144
"7000 BLOCK WOODLAND AV"	19142
"5000 BLOCK N 5TH ST"	19120
"2800 BLOCK JASPER ST"	19134
"2100 BLOCK E CAMBRIA ST"	19134
"300 BLOCK BUSTI ST"	19139
"5000 BLOCK N BROAD ST"	19141
"6800 BLOCK LIMEKILN PIKE"	19138
"4900 BLOCK N BROAD ST"	19141
"5300 BLOCK N BROAD ST"	19141
"500 BLOCK TYSON AV"	19111
"E CHELTENHAM AV  &  BUSTLETON AV"	
"E ROOSEVELT BLVD  &  ADAMS AV"	19124
"3700 BLOCK FRANKFORD AV"	19124
"2400 BLOCK CLIFFORD ST"	19121
"1800 BLOCK N 20TH ST"	19121
"5400 BLOCK N 5TH ST"	19120
"2600 BLOCK HOBSON ST"	19142
"5700 BLOCK HAVERFORD AV"	19131
"4800 BLOCK TACKAWANNA ST"	19124
"N 38TH ST &  W GIRARD AV"	19104
"2600 BLOCK DICKINSON ST"	19146
"S FRAZIER ST  &  HADFIELD ST"	19143
"4700 BLOCK STATES DR"	19131
"2400 BLOCK N 25TH ST"	19132
"1500 BLOCK GERMANTOWN AV"	19122
"5900 BLOCK W GIRARD AV"	19151
"8000 BLOCK E ROOSEVELT BLVD"	19152
"2600 BLOCK W SILVER ST"	19132
"5600 BLOCK CHEW AV"	19144
"W ROOSEVELT BLVD  &  OLD YORK RD"	19140
"5900 BLOCK HASBROOK AV"	19120
"1100 BLOCK E WOODLAWN ST"	19138
"N FRONT ST  &  W GIRARD AV"	19122
"800 BLOCK S CECIL ST"	19143
"1300 BLOCK W WILLIAM ST"	19132
"2900 BLOCK KENSINGTON AV"	19134
"1400 BLOCK S 52ND ST"	19143
"1800 BLOCK W ASHDALE ST"	19141
"1500 BLOCK E ERIE AV"	19124
"6500 BLOCK COBBS CREEK PKWY"	19142
"6500 BLOCK COBBS CREEK PKWY"	19142
"600 BLOCK W NORRIS ST"	19122
"4900 BLOCK N WARNOCK ST"	19141
"3300 BLOCK N BROAD ST"	19140
"N 32ND ST  &  MORSE ST"	19121
"5700 BLOCK RACE ST"	19139
"2800 BLOCK N 25TH ST"	19132
"7300 BLOCK N BOUVIER ST"	19126
"1900 BLOCK STERLING ST"	19138
"1600 BLOCK S 29TH ST"	19145
"1600 BLOCK S 29TH ST"	19145
"3600 BLOCK N SMEDLEY ST"	19140
"4900 BLOCK N MARVINE ST"	19141
"2900 BLOCK N 27TH ST"	19132
"2200 BLOCK MIFFLIN ST"	19145
"400 BLOCK W CAMBRIA ST "	19133
"3100 BLOCK N FRANKLIN ST"	19133
"2400 BLOCK PATTISON TER"	19148
"500 BLOCK S REDFIELD ST"	19143
"FRANKFORD AV  &  BRILL ST"	19124
"700 BLOCK DEKALB ST"	19104
"RIDGE AV  &  LEVERINGTON AV"	19128
"2500 BLOCK W SERGENT ST"	
"3800 BLOCK LINDEN AV"	19114
"2300 BLOCK WATKINS ST"	19145
"S 70TH ST  &  PASCHALL AV"	19142
"5100 BLOCK HENLEY ST"	19144
"1600 BLOCK W YORK ST"	19132
"1500 BLOCK W YORK ST"	19132
"2700 BLOCK W OAKDALE ST"	19132
"1400 BLOCK TASKER ST"	19146
"4800 BLOCK GRISCOM ST"	19124
"900 BLOCK S 5TH ST"	19147
"900 BLOCK S 5TH ST"	19147
"700 BLOCK HOFFMAN ST"	19148
"N 41ST ST  &  CAMBRIDGE ST"	19104
"TACONY ST &  VAN KIRK ST"	19135
"4100 BLOCK PENNSGROVE ST"	19104
"1600 BLOCK N ROBINSON ST"	19151
"1900 BLOCK N 5TH ST"	19122
"6400 BLOCK BELFIELD AV"	19119
"100 BLOCK W MASTER ST"	19122
"5700 BLOCK CHRISTIAN ST"	19143
"S 57TH ST & RODMAN ST"	19143
"6000 BLOCK DUFFIELD ST"	19135
"5900 BLOCK GREENWAY AV"	19143
"S 52ND ST & MARKET ST"	19139
"W 77TH AV & OGONTZ AV"	19150
"5100 BLOCK HARLAN ST"	19131
"N 2ND ST & W GLENWOOD AV"	19140
"W CHELTENHAM AV & IVY HILL RD"	19038
"1200 BLOCK S 19TH ST"	19146
"N HOWARD ST  &  W DAUPHIN ST"	19133
"100 BLOCK N 61ST ST"	19139
"4000 BLOCK LANCASTER AV"	19104
"600 BLOCK SPRING GARDEN ST"	19123
"5600 BLOCK WYNNEFIELD AV"	19131
"5400 BLOCK RIDGEWOOD ST"	19143
"1500 BLOCK S 19TH ST"	19146
"1800 BLOCK S 5TH ST"	19148
"5300 BLOCK WYALUSING AV"	19131
"2600 BLOCK S 7TH ST"	19148
"2700 BLOCK RED LION RD"	19114
"1900 BLOCK E MONMOUTH ST"	19134
"1900 BLOCK E MONMOUTH ST"	19134
"200 BLOCK FARISTON DR"	19120
"2500 BLOCK S 66TH ST"	19142
"7300 BLOCK RUGBY ST"	19138
"1600 BLOCK N DOVER ST"	19121
"3300 BLOCK A ST"	19134
"2700 BLOCK W PASSYUNK AV"	19145
"1500 BLOCK N DOVER ST"	19121
"5400 BLOCK BALTIMORE AV"	19143
"6500 BLOCK UPLAND ST"	19142
"300 BLOCK N 62ND ST"	19139
"300 BLOCK N 62ND ST"	19139
"4300 BLOCK CHESTNUT ST"	19104
"N 2ND ST &  W GIRARD AV"	19122
"4500 BLOCK N 4TH ST"	19140
"2800 BLOCK W THOMPSON ST"	19121
"500 BLOCK E LOUDON ST"	19120
"2500 BLOCK E SCHILLER ST"	19134
"2200 BLOCK REDNER WAY"	19121
"400 BLOCK W HEWSON ST"	19122
"1400 BLOCK N 5TH ST"	19122
"1500 BLOCK MASTER ST"	19121
"4800 BLOCK E ROOSEVELT BLVD"	19124
"S 52ND ST  &  CEDAR AV"	19143
"RED LION RD  &  KNIGHTS RD"	19154
"4600 BLOCK SPRUCE ST"	19143
"200 BLOCK E STELLA ST"	19134
"2700 BLOCK S 54TH ST"	19143
"1500 BLOCK S 24TH ST"	19146
"1100 BLOCK OVERINGTON ST"	19124
"3400 BLOCK G ST"	19134
"GRANT AV  &  BLUE GRASS RD"	19114
"6100 BLOCK MC MAHON AV"	19144
"1600 BLOCK S 54TH ST"	19143
"1200 BLOCK ELBRIDGE ST"	19111
"7300 BLOCK GARMAN ST"	19153
"N 9TH ST  &  W ROOSEVELT BLVD"	19140
"N 11TH ST  &  MARKET ST"	19107
"1900 BLOCK W ERIE AVE"	19140
"5900 BLOCK WINDSOR ST"	19142
"5200 BLOCK N 15TH ST"	19141
"700 BLOCK CHELTEN AV"	19126
"2800 BLOCK N 2ND ST"	19133
"1700 BLOCK S MOLE ST"	19145
"500 BLOCK SIGEL ST"	19148
"1 BLOCK EVERGREEN WAY"	19115
"3400 BLOCK N 7TH ST"	19140
"MASCHER ST  &  W LOUDON ST"	19120
"500 BLOCK N HOBART ST"	19131
"6000 BLOCK A ST"	19120
"5600 BLOCK NEWTOWN AV"	19111
"6700 BLOCK ELMWOOD AV"	19142
"6300 BLOCK LEBANON AV"	19151
"800 BLOCK N 43RD ST"	19104
"3900 BLOCK N 2ND ST"	19140
"3800 BLOCK FAIRMOUNT AV"	19104
"5400 BLOCK WILLOWS AV"	19143
"1900 BLOCK E SOMERSET ST"	19134
"1900 BLOCK E SOMERSET ST"	19134
"1600 BLOCK N 6TH ST"	19122
"1600 BLOCK N 6TH ST"	19122
"1600 BLOCK N 6TH ST"	19122
"400 BLOCK N SICKELS ST"	19139
"200 BLOCK N PAXON ST"	19139
"1100 BLOCK W LEHIGH AV"	19133
"200 BLOCK S 49TH ST"	19139
"3400 BLOCK W HUNTINGDON ST"	19132
"N 21ST ST  &  W ALLEGHENY AV"	19132
"500 BLOCK MOORE ST"	19148
"2500 BLOCK S 61ST ST"	19142
"700 BLOCK S 56TH ST"	19143
"700 BLOCK S 56TH ST"	19143
"2200 BLOCK N LAWRENCE ST"	19133
"2200 BLOCK N CLEVELAND ST"	19132
"500 BLOCK W TIOGA ST"	19140
"COBBS CREEK PKWY  &  WHITBY AV"	19050
"N FRONT ST  &  W GIRARD AV"	19122
"4400 BLOCK DEVEREAUX AV"	19135
"5800 BLOCK RODMAN ST"	19143
"1800 BLOCK HARRISON ST"	19124
"1000 BLOCK VAN KIRK ST"	19149
"5100 BLOCK N BROAD ST"	19141
"5400 BLOCK BAYNTON ST"	19144
"4600 BLOCK N BROAD ST"	19140
"S 54TH ST  &  WALNUT ST"	19139
"8500 BLOCK FRANKFORD AV"	19136
"1700 BLOCK N SYDENHAM ST"	19121
"2300 BLOCK N 17TH ST"	19132
"700 BLOCK S 6TH ST"	19147
"RISING SUN AV  &  E OLNEY AV"	19120
"2300 BLOCK N GRATZ ST"	19132
"W CUMBERLAND   &  N BOUVIER ST"	19132
"GRANT AV  &  E ROOSEVELT BLVD"	19115
"3600 BLOCK N LAWRENCE ST"	19140
"400 BLOCK N 8TH ST"	19123
"2600 BLOCK N BROAD ST"	19132
"N 20TH ST  &  MARKET ST"	19103
"7400 BLOCK SUMMERDALE AV"	19111
"1100 BLOCK S 52ND ST"	19143
"3300 BLOCK GERMANTOWN AV"	19140
"S 39TH ST  &  MARKET ST"	19104
"1700 BLOCK S 5TH ST"	19148
"1 BLOCK SPARKS ST"	19120
"3100 BLOCK AMBER ST"	19134
"N 19TH ST  &  W CUMBERLAND ST"	19132
"2500 BLOCK S PERCY ST"	19148
"N 48TH ST  &  FAIRMOUNT AV"	19139
"2000 BLOCK GODFREY AVE"	19138
"1 BLOCK S 21ST ST"	19103
"3100 BLOCK RORER ST"	19134
"6100 BLOCK BELDEN ST"	19149
"1300 BLOCK S HICKS ST"	19146
"300 BLOCK ROBERTS AV"	19144
"2400 BLOCK N 25TH ST"	19132
"800 BLOCK ELLSWORTH ST"	19147
"5400 BLOCK GIBSON DR"	19143
"600 BLOCK N 55TH ST"	19131
"100 BLOCK HANSBERRY"	19144
"2500 BLOCK PALETHORP ST"	19133
"3800 BLOCK N 6TH ST"	19140
"400 BLOCK LEVICK ST"	19111
"900 BLOCK N DELAWARE AV"	19123
"8300 BLOCK BUSTLETON AVE TON AV"	19152
"1300 BLOCK E BRISTOL ST"	19124
"4000 BLOCK ASPEN ST"	19104
"1600 BLOCK COBBS CREEK PKWY"	19143
"1500 BLOCK W PIKE ST"	19140
"COBBS CREEK PKWY  &  PENTRIDGE ST"	19143
"3000 BLOCK N 23RD ST"	19132
"300 BLOCK W QUEEN LA "	19144
"900 BLOCK S 5TH ST"	19147
"1900 BLOCK N 8TH ST"	19122
"2900 BLOCK UNRUH AV"	19149
"4400 BLOCK COTTMAN AV"	19135
"2600 BLOCK MUHFELD ST"	
"1000 BLOCK N HANCOCK ST"	19123
"1000 BLOCK N HANCOCK ST"	19123
"1200 BLOCK PRATT ST"	19124
"7000 BLOCK WOODLAND AVE"	19142
"ARAMINGO AV &  E WESTMORELAND ST"	19134
"4200 BLOCK OTTER ST"	19104
"1900 BLOCK 73RD AV"	19138
"MASCHER ST  &  W TABOR RD"	19120
"1300 BLOCK S 53RD ST"	19143
"400 BLOCK E RITTENHOUSE ST"	19144
"KELLY DR  &  BREWERY  DR"	19121
"100 BLOCK W WESTMORELAND ST"	19140
"2200 BLOCK N WANAMAKER ST"	19131
"2200 BLOCK N WANAMAKER ST"	19131
"3100 BLOCK N STILLMAN ST"	19132
"400 BLOCK W NORRIS ST"	19122
"4600 BLOCK N 5TH ST"	19140
"7700 BLOCK ESSINGTON AV"	19153
"800 BLOCK LOCUST AV"	19138
"5500 BLOCK PEMBERTON ST"	19143
"100 BLOCK E WILLARD ST"	19134
"2100 BLOCK RHAWN ST"	19152
"2600 BLOCK N 18TH ST"	19132
"6300 BLOCK N 12TH ST"	19141
"4500 BLOCK N 3RD ST"	19140
"4500 BLOCK N 3RD ST"	19140
"4500 BLOCK N 3RD ST"	19140
"1600 BLOCK MC PHERSON ST"	19150
"4100 BLOCK N 8TH ST"	19140
"N 4TH ST  &  W ANNSBURY ST"	19140
"2600 BLOCK W SEDGLEY AV"	19121
"2600 BLOCK N WENDLE ST"	19133
"1900 BLOCK S 56TH ST"	19143
"1400 BLOCK S 21ST ST"	19146
"1400 BLOCK FANSHAWE ST"	19111
"1100 BLOCK PASSMORE ST"	19111
"N 46TH ST  &  PARRISH ST"	19139
"5900 BLOCK N MARVINE ST"	19141
"6200 BLOCK MORTON ST"	19144
"3100 BLOCK N 5TH ST"	19133
"2400 BLOCK STRAWBERRY MANSION DRIVE"	19132
"4700 BLOCK TAMPA ST"	19120
"3800 BLOCK CONSHOHOCKEN AV"	19131
"3400 BLOCK N 10TH ST"	19140
"1700 BLOCK HARPER"	19130
"N 63RD ST  &  CALLOWHILL ST"	19139
"2300 BLOCK LEHIGH AVE"	19132
"TORRESDALE AV  &  WAKELING ST"	19124
"700 BLOCK N DELAWARE AV"	19123
"6200 BLOCK RACE ST"	19139
"FAIRMOUNT AV  &  KELLY DR"	19130
"1600 BLOCK W DAUPHIN ST"	19132
"2400 BLOCK S 62ND ST"	19142
"2400 BLOCK S 62ND ST"	19142
"5400 BLOCK ARLINGTON ST"	19131
"2400 BLOCK S 62ND ST"	19142
"1300 BLOCK W VENANGO ST"	19140
"5900 BLOCK SANSOM ST"	19139
"6700 BLOCK BUSTLETON AVE RR ST"	19149
"7500 BLOCK THOURON AV"	19150
"5400 BLOCK LANCASTER AV"	19131
"2300 BLOCK WILDER ST"	19146
"S 58TH ST  &  RODMAN ST"	19143
"200 BLOCK W INDIANA AV"	19133
"S 51ST ST  &  KINGSESSING AV"	19143
"900 BLOCK W LEHIGH AVE"	19133
"900 BLOCK FEDERAL ST"	19147
"6900 BLOCK VANDIKE ST"	19135
"6200 BLOCK LIMEKILN PIKE"	19141
"S 60TH ST  &  SPRUCE ST"	19139
"4900 BLOCK N FRANKLIN ST"	19120
"FRANKFORD AV  &  COTTMAN AV"	19136
"5000 BLOCK CEDAR AV"	19143
"CASTOR AV &  ARAMINGO AV"	19134
"1500 BLOCK W DAUPHIN ST"	19132
"1600 BLOCK S TANEY ST"	19145
"A ST  &  E WESTMORELAND ST"	19134
"2100 BLOCK CHELTENHAM"	19124
"1500 BLOCK N GRATZ ST"	19121
"CHEW AV  &  E CHELTEN AV"	19144
"6500 BLOCK E WISTER ST"	19138
"800 BLOCK E ONTARIO ST"	19134
"5600 BLOCK HUNTER ST"	19131
"2400 BLOCK MORRIS ST"	19145
"BARTRAM AV  &  ESSINGTON AV"	19153
"700 BLOCK PATTISON AV"	19148
"6100 BLOCK HARBISON AV"	19135
"100 BLOCK W WYOMING AV"	19140
"CARLISLE &  MOORE ST"	19145
"1 BLOCK E SILVER ST"	19134
"5300 BLOCK RISING SUN AV"	19120
"5700 BLOCK FRONTENAC ST"	19124
"1300 BLOCK W SILVER ST"	19132
"N 51ST ST  &  CITY AV"	19131
"ELMWOOD AV  &  ISLAND AV"	19153
"2000 BLOCK W BOSTON ST"	19132
"1300 BLOCK GREEN ST"	19123
"1200 BLOCK S WILTON ST"	19143
"2100 BLOCK CEMETERY AV"	19142
"4200 BLOCK PARKSIDE AV"	19104
"1 BLOCK N 48TH ST"	19139
"4800 BLOCK TACKAWANNA ST"	19124
"8700 BLOCK GLENLOCH PL"	19136
"4600 BLOCK E ROOSEVELT BLVD"	19124
"4600 BLOCK E ROOSEVELT BLVD"	19124
"5000 BLOCK N SYDENHAM ST"	19141
"100 BLOCK W WYOMING AV"	19140
"300 BLOCK W QUEEN LA"	19144
"1200 BLOCK N HOLLYWOOD ST"	19121
"1500 BLOCK N 11TH ST"	19122
"5900 BLOCK AGUSTA ST"	19149
"S BROAD ST  &  CURTIN ST"	19145
"4400 BLOCK N CHADWICK ST"	19140
"9200 BLOCK ANNAPOLIS RD"	19114
"2000 BLOCK E ELKHART ST"	19134
"3100 BLOCK N 5TH ST"	19133
"3300 BLOCK GAUL ST"	19134
"700 BLOCK CECIL B MOORE AV"	19122
"6600 BLOCK NEW STATE RD"	19135
"800 BLOCK ATWOOD RD"	19151
"PRATT ST  &  E ROOSEVELT BLVD"	19124
"5900 BLOCK BELMAR ST"	19143
"1100 BLOCK W HUNTINGDON ST"	19133
"2600 BLOCK W OAKDALE ST"	19132
"100 BLOCK W ALLEGHENY AV"	19134
"FAIRMOUNT AV  &  KELLY DR"	19130
"700 BLOCK PATTISON AV"	19148
"5900 BLOCK BELMAR ST"	19143
"5600 BLOCK NEWTOWN AV"	19111
"1100 BLOCK N 34TH ST"	19104
"6100 BLOCK N MARSHALL ST"	19120
"1700 BLOCK TASKER ST"	19145
"1500 BLOCK REED ST"	19146
"5700 BLOCK MASCHER ST"	19120
"4600 BLOCK TORRESDALE AV"	19124
"6700 BLOCK CHEW AV"	19119
"1800 BLOCK E VENANGO ST"	19134
"N 10TH ST  &  W OLNEY AV"	19141
"6100 BLOCK OXFORD AV"	19111
"2600 BLOCK S 73RD ST"	19153
"3500 BLOCK N 9TH ST"	19140
"N 30TH ST  &  W SEDGLEY AV"	19121
"3800 BLOCK BROWN ST"	19104
"2000 BLOCK WILMOT ST"	19124
"6400 BLOCK MILTON ST"	19119
"S 52ND ST  &  CATHARINE ST"	19143
"1400 BLOCK JOHN F KENNEDY BLVD"	19102
"6600 BLOCK LEBANON AV"	19151
"1400 BLOCK N 16TH ST"	19121
"3600 BLOCK CHAMOUNIX DR"	19131
"YORK & GARNET ST"	19132
"1600 BLOCK S 23RD ST"	19145
"1200 BLOCK N 16TH ST"	19121
"1400 BLOCK CONLYN ST"	19141
"500 BLOCK E HILL CREEK DR"	19120
"N 44TH ST  &  HAVERFORD AV"	19139
"9400 BLOCK LANSFORD ST"	19114
"4200 BLOCK HENRY AV"	19144
"2900 BLOCK N 13TH ST"	19132
"2000 BLOCK E HUNTINGDON ST"	19125
"2400 BLOCK S 62ND ST"	19142
"1600 BLOCK W MENTOR ST"	19141
"2500 BLOCK N NEWKIRK ST"	19132
"N 18TH ST &  W HUNTING PARK AV"	19140
"2400 BLOCK KIMBALL ST"	19146
"1 BLOCK S 58TH ST"	19139
"EMERALD ST  &  E LEHIGH AV"	19125
"1000 BLOCK MASTER ST"	19122
"1600 BLOCK St PAUL ST"	19140
"3000 BLOCK W LEHIGH AVE"	19132
"800 BLOCK E WILLARD ST"	19134
"1900 BLOCK S SALFORD ST"	19143
"6900 BLOCK LINDBERGH BLVD"	19142
"200 BLOCK S ALDEN ST"	19139
"2600 BLOCK W JEFFERSON ST"	19121
"1600 BLOCK E HUNTING PARK AV"	19124
"N 10TH ST  &  RACE ST"	19107
"2500 BLOCK RIDGE DR"	19121
"S 61ST ST  &  W PASSYUNK AV"	19153
"5700 BLOCK COLGATE ST"	19120
"1500 BLOCK W BUTLER ST"	19140
"N 9TH ST  &  W ROOSEVELT BLVD"	19140
"900 BLOCK S 59TH ST"	19143
"6800 BLOCK N 19TH ST"	19126
"700 BLOCK S BROAD ST"	19146
"ROSALIE ST  &  COLGATE ST"	19120
"3900 BLOCK HENRY AV"	19129
"N BROAD ST  &  W ROCKLAND ST"	19141
"1100 BLOCK DIVINITY ST"	19143
"2300 BLOCK N GRATZ ST"	19132
"2900 BLOCK DIAMOND ST"	19121
"5400 BLOCK B ST"	19120
"5200 BLOCK GLENLOCH ST"	19124
"2100 BLOCK S SIMPSON ST"	19142
"4800 BLOCK WHITAKER AVE"	19120
"600 BLOCK S 62ND ST"	19143
"500 BLOCK W LYCOMING ST"	19140
"2000 BLOCK N 33RD ST"	19121
"2300 BLOCK N COLLEGE AV "	19121
"2900 BLOCK GERRITT ST"	19146
"2000 BLOCK DIAMOND ST"	19121
"4000 BLOCK N FAIRHILL ST"	19140
"LINDLEY AV &  WINDRIM AV"	19141
"5300 BLOCK LESHER ST"	19124
"6400 BLOCK KEYSTONE ST"	19135
"5700 BLOCK GERMANTOWN AV"	19144
"7700 BLOCK LEXINGTON AV"	19152
"5900 BLOCK E ROOSEVELT BLVD"	19149
"N 8TH ST  &  DIAMOND ST"	19122
"1700 BLOCK W ATLANTIC ST"	19140
"2600 BLOCK W GIRARD AV"	19130
"1300 BLOCK E WASHINGTON LA"	19138
"2200 BLOCK N REESE ST"	19133
"5400 BLOCK CHESTER AV"	19143
"900 BLOCK W CUMBERLAND ST"	19133
"800 BLOCK E ALLEGHENY AV"	19134
"6300 BLOCK CHESTER AV"	19142
"600 BLOCK PERTH PL"	19123
"S 57TH ST  &  ELMWOOD AV"	19143
"1700 BLOCK N 24TH ST"	19121
"5900 BLOCK N BROAD ST"	19141
"1400 BLOCK N 28TH ST"	19121
"2000 BLOCK FULLER ST"	19152
"N BROAD ST  &  W ONTARIO ST"	19140
"1900 BLOCK MCKEAN ST"	19145
"700 BLOCK W ROOSEVELT BLVVELT BLVD"	19140
"2300 BLOCK S BAMBREY TER"	19145
"7400 BLOCK OXFORD AV"	19111
"1400 BLOCK W ALLEGHENY AV "	19132
"2000 BLOCK S 7TH ST"	19148
"3000 BLOCK N 7TH ST"	19133
"1400 BLOCK N REDFIELD ST"	19151
"S 28TH ST  &  JACKSON ST"	19145
"800 BLOCK E BRISTOL ST"	19124
"300 BLOCK S 52ND STREET"	19143
"1800 BLOCK W CUMBERLAND ST"	19132
"700 BLOCK S 56TH ST"	19143
"5100 BLOCK CHESTER AV"	19143
"3000 BLOCK MIFFLIN ST"	19145
"1400 BLOCK S HICKS ST"	19146
"9100 BLOCK OLD NEWTOWN RD"	19115
"6900 BLOCK WOODLAND AV"	19142
"2500 BLOCK E THOMPSON ST"	19125
"5500 BLOCK DELANCEY ST"	19143
"5500 BLOCK DELANCEY ST"	19143
"N 18TH ST  &  W HUNTING PARK AV"	19140
"N 30TH ST  &  W DAUPHIN ST"	19132
"200 BLOCK N SIMPSON ST"	19139
"200 BLOCK RUBICAM ST"	19120
"3400 BLOCK G ST"	19134
"2500 BLOCK SHIELDS ST"	19142
"3300 BLOCK MUTTER ST"	19140
"3100 BLOCK DIAMOND ST"	19121
"2500 BLOCK N BROAD ST"	19132
"6100 BLOCK LUDLOW ST"	19139
"6100 BLOCK LUDLOW ST"	19139
"2600 BLOCK S 71ST ST"	19142
"1000 BLOCK LONGSHORE AV"	19111
"1900 BLOCK S 65TH ST"	19142
"N 2ND ST  &  SPRING GARDEN ST"	19123
"2300 BLOCK W PASSYUNK AV"	19145
"1500 BLOCK S 28TH ST"	19146
"7000 BLOCK TORRESDALE AV"	19135
"400 BLOCK N 52ND ST"	19139
"5900 BLOCK RACE ST"	19139
"5800 BLOCK OSAGE AV"	19143
"N 63RD ST  &  W GIRARD AV"	19151
"N 8TH ST  &  W SOMERSET ST"	19133
"2900 BLOCK ROSEHILL ST"	19134
"200 BLOCK RAMSEY ST"	19139
"ROSEHILL ST  &  E INDIANA AV"	19134
"4300 BLOCK N 8TH ST"	19140
"2500 BLOCK N 17TH ST"	19132
"S 55TH ST  &  PINE ST"	19143
"3100 BLOCK N FRONT ST"	19133
"1900 BLOCK MARGARET ST"	19124
"E ROOSEVELT BLVD  &  WINCHESTER AV"	19152
"2200 BLOCK W DIAMOND ST"	19121
"1800 BLOCK E CORNWALL ST"	19134
"OXFORD CIR  &  E ROOSEVELT BLVD"	19149
"6700 BLOCK OXFORD AV"	19111
"1400 BLOCK PORTER ST"	19145
"2700 BLOCK KENSINGTON AV"	19134
"6000 BLOCK CASTOR AV"	19149
"100 BLOCK W SUSQUEHANNA AV"	19122
"3300 BLOCK N 19TH ST"	19140
"1700 BLOCK DICKINSON ST"	19146
"DELAWARE EXP RAMP B  &  COTTMAN AV"	19149
"2400 BLOCK N LEITHGOW ST"	19133
"1800 BLOCK W SUSQUEHANNA AV"	19121
"3600 BLOCK ARAMINGO AV"	19134
"1800 BLOCK WALNUT ST"	19103
"N MOLE ST  &  W SERGEANT ST"	19132
"800 BLOCK E LUZERNE ST"	19124
"4800 BLOCK RIDGE AV"	19129
"3300 BLOCK DIAMOND DRIVE"	19121
"1400 BLOCK REED ST"	19146
"100 BLOCK W WYOMING AV"	19140
"6100 BLOCK CALLOWHILL ST"	19139
"2000 BLOCK N 31ST ST"	19121
"3100 BLOCK E ST"	19134
"3800 BLOCK HAVERFORD AV"	19104
"5500 BLOCK BALTIMORE AV"	19143
"3500 BLOCK JASPER ST"	19134
"1300 BLOCK FAIRMONT"	19123
"1000 BLOCK S PAXON ST"	19143
"5200 BLOCK N BROAD ST"	19141
"N REESE ST &  W DAUPHIN ST"	19133
"2100 BLOCK E CAMBRIA ST"	19134
"2200 BLOCK N 17TH ST"	19132
"8200 BLOCK E ROOSEVELT BLVD"	19152
"COBBS CREEK PKWY  &  S 70TH ST"	19050
"2200 BLOCK N COLORADO ST"	19132
"9200 BLOCK OLD BUSTLETON AV"	19115
"6700 BLOCK BASS ST"	19119
"800 BLOCK E THAYER ST"	19134
"1500 BLOCK N BOUVIER ST"	19121
"N 20TH ST  &  W SUSQUEHANNA AV"	19132
"3100 BLOCK MEMPHIS ST"	19134
"3400 BLOCK N 17TH ST"	19140
"N 36TH ST &  ASPEN ST"	19104
"N 36TH ST  &  ASPEN ST"	19104
"1700 BLOCK S 54TH ST"	19143
"800 BLOCK W LINDLEY AVE"	19141
"S BROAD ST  &  OREGON AV"	19148
"4400 BLOCK N FRANKLIN ST"	19140
"1300 BLOCK S BOUVIER ST"	19146
"N 39TH ST &  WALLACE ST"	19104
"3200 BLOCK RAWLE ST"	19149
"800 BLOCK E THAYER ST"	19134
"2900 BLOCK N 5TH ST"	19133
"2900 BLOCK N 5TH ST"	19133
"4700 BLOCK N 13TH ST"	19141
"100 BLOCK GREYCOURT RD"	19115
"1600 BLOCK N 29TH ST"	19121
"300 BLOCK N 62ND ST"	19139
"2400 BLOCK GERMANTOWN AV"	19133
"3300 BLOCK POTTER ST"	19134
"600 BLOCK W SEDGLEY AV"	19140
"5400 BLOCK LANCASTER AV"	19131
"5700 BLOCK HAVERFORD AV"	19131
"6500 BLOCK REGENT ST"	19142
"1900 BLOCK W WILLARD ST"	19140
"2200 BLOCK S 66TH ST"	19142
"3900 BLOCK POPLAR ST"	19104
"1500 BLOCK S LINDENWOOD ST"	19143
"E ROOSEVELT BLVD  &  BRIDGE ST"	19124
"2600 BLOCK N MARSHALL ST"	19133
"1100 BLOCK E HORTTER ST"	19150
"1300 BLOCK N 56TH ST"	19131
"5400 BLOCK TRINITY ST"	19143
"2400 BLOCK MORRIS ST"	19145
"2500 BLOCK N COLORADO ST"	19132
"400 BLOCK W NORRIS ST"	19122
"6600 BLOCK GUYER AVE"	19142
"N 64TH ST  &  CALLOWHILL ST"	19151
"S 58TH ST  &  WEBSTER ST"	19143
"4800 BLOCK N 11TH ST"	19141
"4000 BLOCK N BROAD ST"	19140
"1700 BLOCK W BRISTOL ST"	19140
"LANSDOWNE AV  &  N 75TH ST"	19151
"6600 BLOCK N BROAD ST"	19126
"1600 BLOCK S YEWDALL ST"	19143
"1500 BLOCK W DAUPHIN ST"	19132
"7300 BLOCK E ROOSEVELT BLVD"	19149
"700 BLOCK GARLAND ST"	19124
"800 BLOCK LINDLEY AV"	19141
"S 38TH ST &  LUDLOW ST"	19104
"4100 BLOCK N 8TH ST"	19140
"N CHADWICK ST  &  W DAUPHIN ST"	19132
"N 3RD ST  &  W ALLEGHENY AV"	19140
"6700 BLOCK RISING SUN AV"	19111
"1900 BLOCK DALLAS ST"	19138
"200 BLOCK S 13TH ST"	19107
"2800 BLOCK N FRONT ST"	19133
"1900 BLOCK PRATT ST"	19124
"5200 BLOCK PENNWAY ST"	19124
"4400 BLOCK RISING SUN AV"	19140
"FRANKFORD AV  &  E LEHIGH AV"	19125
"COBBS CREEK PKWY  &  CATHARINE ST"	19143
"2000 BLOCK GRANITE ST"	19124
"4500 BLOCK WAYNE AV"	19144
"300 BLOCK W SOMERVILLE AV"	19120
"4400 BLOCK WALN ST"	19124
"1300 BLOCK LINDLEY AV "	19141
"1700 BLOCK S 60TH ST"	19142
"S CECIL ST  &  CHESTER AV"	19143
"S 61ST ST  &  W PASSYUNK AV"	19153
"600 BLOCK BRILL ST"	19120
"3900 BLOCK ASPEN ST"	19104
"1300 BLOCK GREEBY ST"	19111
"3700 BLOCK N 2ND ST"	19140
"N BROAD ST  &  W VENANGO ST"	19140
"400 BLOCK N 9TH ST"	19123
"400 BLOCK N 9TH ST"	19123
"600 BLOCK E ALLEGHENY AV"	19134
"7300 BLOCK BUSTLETON AV"	19149
"BUSTLETON AV  &  BLEIGH AV"	19149
"3200 BLOCK W YORK ST"	19132
"S 2ND ST  &  MARKET ST"	19106
"8200 BLOCK STATE RD "	19136
"2000 BLOCK W TIOGA ST"	19140
"200 BLOCK W ALBANUS ST"	19120
"4900 BLOCK N CAMAC ST"	19141
"800 BLOCK E ERIE AV"	19140
"S 21ST ST  &  MOORE ST"	19145
"100 BLOCK W WINGOHOCKING ST"	19140
"1400 BLOCK UNITY ST"	19124
"1000 BLOCK PALLAS ST"	19104
"DISSTON ST  &  TORRESDALE AV"	19135
"ISLAND AV  &  BUIST AV"	19153
"2800 BLOCK RIDGE AVE"	19121
"4400 BLOCK WHITAKER AV"	19120
"4700 BLOCK N PENN ST"	19124
"3000 BLOCK N HOWARD ST"	19133
"2300 BLOCK N MARSHALL ST"	19133
"2300 BLOCK N MARSHALL ST"	19133
"100 BLOCK W INDIANA AV"	19133
"100 BLOCK W INDIANA AV"	19133
"2800 BLOCK N RINGGOLD ST"	19132
"6800 BLOCK PASCHALL AV"	19142
"2000 BLOCK BRIDGE ST"	19124
"1400 BLOCK N 56TH ST"	19131
"2600 BLOCK N LAWRENCE ST"	19133
"4000 BLOCK LUDLOW ST"	19104
"100 BLOCK W INDIANA AV"	19133
"1500 BLOCK E WASHINGTON LA"	19138
"1500 BLOCK N 52ND ST"	19131
"FRANKFORD AV  &  DYRE ST"	19124
"2100 BLOCK E CAMBRIA ST"	19134
"1600 BLOCK N 16TH ST"	19121
"4700 BLOCK A ST"	19120
"3400 BLOCK GOODMAN ST"	19140
"1 BLOCK N 61ST ST"	19139
"N 4TH ST  &  W GODFREY AV"	19120
"1200 BLOCK N 29TH ST"	19121
"1700 BLOCK N ALLISON ST"	19131
"1300 BLOCK PRATT ST"	19124
"W HUNTING PARK AV &  N BROAD ST"	19140
"900 BLOCK W COLLEGE AV "	19130
"400 BLOCK N REDFIELD ST"	19151
"100 BLOCK W FISHER AV"	19120
"2200 BLOCK COTTMAN AV"	19149
"5600 BLOCK ARCH ST"	19139
"2000 BLOCK WALNUT ST"	19103
"1700 BLOCK S CHADWICK ST"	19145
"6400 BLOCK N 15TH ST"	19126
"4100 BLOCK W GIRARD AV"	19104
"2100 BLOCK ELLSWORTH ST"	19146
"100 BLOCK E DUVAL ST"	19144
"400 BLOCK E GOWEN AV"	19119
"1700 BLOCK E PASSYUNK AV"	19148
"2500 BLOCK N CLEVELAND ST"	19132
"3300 BLOCK S KESWICK RD"	19114
"7600 BLOCK OGONTZ AV"	19150
"1800 BLOCK S 7TH ST"	19148
"4100 BLOCK TORRESDALE AV"	19124
"2000 BLOCK S NORWOOD ST"	19145
"500 BLOCK E WESTMORELAND ST"	19134
"N 57TH ST  &  MASTER ST"	19131
"7400 BLOCK DUNGAN RD"	19111
"4000 BLOCK RENO ST"	19104
"1700 BLOCK BLEIGH AV"	19111
"3200 BLOCK H ST"	19134
"LINCOLN FINANCIAL @ 1020 PATTISON AV"	19148
"S 15TH ST &  LOCUST ST"	19120
"600 BLOCK ROXBOROUGH AV"	19128
"4700 BLOCK C ST"	19120
"RENOVO ST  &  ANDREWS AV"	19138
"W COURTLAND ST  &  W ROOSEVELT BLVD"	19140
"6700 BLOCK WOOLSTON AV"	19138
"S FRAZIER ST  &  CHESTER AV"	19143
"5400 BLOCK BELMAR ST"	19143
"5400 BLOCK BELMAR ST"	19143
"1900 BLOCK N NEWKIRK ST"	19145
"2000 BLOCK DICKINSON ST"	19146
"N 11TH ST &  DIAMOND ST"	19122
"S 58TH ST  &  CHESTER AV"	19143
"1800 BLOCK W SOMERSET ST"	19132
"2000 BLOCK BENJAMIN FRANKLIN PKWY"	19103
"1200 BLOCK S NAPA ST"	19146
"S 38TH ST  &  CHESTNUT ST"	19104
"100 BLOCK W LOGAN ST"	19144
"DELAWARE EXP RAMP A  &  ARAMINGO AV"	19149
"1600 BLOCK BRILL ST"	19124
"800 BLOCK W TIOGA ST"	19140
"5100 BLOCK PARRISH ST"	19139
"5800 BLOCK E ROOSEVELT BLVD"	19149
"6500 BLOCK WHEELER ST"	19142
"1 BLOCK S FRONT"	19106
"N BROAD ST &  W SOMERSET ST"	19132
"N BROAD ST  &  W SOMERSET ST"	19132
"7100 BLOCK RODNEY ST"	19138
"6600 BLOCK ROSS ST"	19119
"2000 BLOCK MERCY ST"	19145
"6100 BLOCK OLD YORK RD"	19141
"5200 BLOCK E ROOSEVELT BLVD"	19124
"6300 BLOCK CRESCENTVILLE RD"	19120
"N 61ST ST  &  W OXFORD ST"	19151
"KELLY DR  &  FOUNTAIN GREEN DR"	19121
"900 BLOCK N 7TH ST"	19123
"2000 BLOCK S 65TH ST"	19142
"1900 BLOCK SIGEL ST"	19145
"400 BLOCK W SPENCER AV"	19120
"1800 BLOCK W NORRIS ST"	19121
"1100 BLOCK RISING SUN AV"	19140
"N 21ST ST  &  W YORK ST"	19132
"800 BLOCK E HILTON ST"	19134
"1900 BLOCK S 30TH ST"	19145
"3200 BLOCK N 17TH ST"	19140
"5800 BLOCK CALLOWHILL"	19131
"300 BLOCK W QUEEN LA"	19144
"E ROOSEVELT BLVD  &  LOTT AV"	19115
"4600 BLOCK N 16TH ST"	19140
"7500 BLOCK HAVERFORD AV"	19151
"4300 BLOCK RISING SUN AV"	19140
"4900 BLOCK W STILES ST"	19131
"W ROOSEVELT BLVD  &  RIDGE AV"	19140
"2200 BLOCK E TIOGA ST"	19134
"N 16TH ST  &  W YORK ST"	19132
"4200 BLOCK WISSAHICKON AVE"	19129
"N 29TH ST  &  W FLETCHER ST"	19132
"1900 BLOCK MONTROSE ST"	19146
"2100 BLOCK GLENDALE AV"	19152
"ARAMINGO AV &  E ALLEGHENY AV"	19134
"4200 BLOCK O ST"	19124
"S 48TH ST  &  SPRINGFIELD AV"	19143
"7400 BLOCK BRIAR RD"	19138
"2100 BLOCK S 63RD ST"	19142
"1700 BLOCK N TANEY ST"	19121
"2500 BLOCK S 59TH ST"	19143
"6600 BLOCK CORNELIUS ST"	19138
"500 BLOCK MAYLAND ST"	19144
"1500 BLOCK N FRAZIER ST"	19131
"4200 BLOCK PARRISH ST"	19104
"S 54TH ST  &  FLORENCE AV"	19143
"LINDBERGH BLVD  &  ISLAND AV"	19153
"3100 BLOCK W OAKDALE ST"	19132
"5000 BLOCK MASTER ST"	19131
"2100 BLOCK N REESE ST"	19122
"600 BLOCK WASHINGTON AV"	19147
"5700 BLOCK RIDGE AV"	19128
"2000 BLOCK DICKINSON ST"	19146
"3600 BLOCK MELON ST"	19104
"6000 BLOCK MARKET ST"	19139
"1 BLOCK FARSON ST"	19139
"5700 BLOCK DELANCEY ST"	19143
"STENTON AV  &  E DUVAL ST"	19138
"WISSAHICKON AV  &  W CLAPIER ST"	19144
"2600 BLOCK E ELKHART ST"	19134
"2200 BLOCK EDGLEY ST"	19121
"3000 BLOCK N 15TH ST"	19132
"2400 BLOCK W LEHIGH AV"	19132
"1300 BLOCK S 46TH ST"	19143
"2200 BLOCK S 27TH ST"	19145
"6100 BLOCK UPLAND ST"	19143
"2300 BLOCK REED ST"	19146
"7900 BLOCK CRAIG ST"	19136
"5300 BLOCK REINHARD ST"	19143
"4700 BLOCK WAYNE AV"	19144
"9800 BLOCK HALDEMAN AV"	19115
"1200 BLOCK N 42ND ST"	19104
"4500 BLOCK H ST"	19124
"6700 BLOCK TRINITY ST"	19142
"1 BLOCK HERMAN ST"	19144
"800 BLOCK E WOODLAWN ST"	19138
"4100 BLOCK LEVICK ST"	19135
"2000 BLOCK W 65TH AV"	19138
"6300 BLOCK N 8TH ST"	19126
"1200 BLOCK N HOLLYWOOD ST"	19121
"100 BLOCK W CAMBRIA ST"	19133
"1100 BLOCK S 15TH ST"	19146
"D ST  &  E ROOSEVELT BLVD"	19120
"2100 BLOCK N 19TH ST"	19121
"SPRUCE ST  &  S 7TH ST"	19106
"5700 BLOCK GERMANTOWN AV"	19144
"5200 BLOCK E ROOSEVELT BLVD"	19124
"6600 BLOCK KINDRED ST"	19149
"2300 BLOCK W OAKDALE ST"	19132
"400 BLOCK N 60TH ST"	19151
"2500 BLOCK N SYDENHAM ST"	19132
"3600 BLOCK LINCOLN DR"	19147
"5300 BLOCK DELANCEY ST"	19143
"S 54TH ST &  KINGSESSING AV"	19143
"1800 BLOCK S CECIL ST"	19143
"6000 BLOCK COBBS CREEK PKWY"	19050
"1600 BLOCK W ERIE AV"	19140
"2900 BLOCK BOUDINOT ST"	19134
"4100 BLOCK EDGLEY AV"	19121
"2200 BLOCK JEFFERSON ST"	19121
"N BROAD ST  &  MASTER ST"	19122
"2500 BLOCK S 58TH ST"	19143
"1900 BLOCK S MOLE ST"	19145
"6000 BLOCK LANSDOWNE AV"	19151
"400 BLOCK W CUMBERLAND ST"	19133
"1600 BLOCK MC KEAN ST"	19145
"8300 BLOCK STATE RD"	19136
"1600 BLOCK FRANKFORD AV"	19125
"3400 BLOCK CIVIC CENTER BLVD"	19104
"8000 BLOCK BRUNSWICK AV"	19153
"RICHMOND ST  &  E WESTMORELAND ST"	19134
"4000 BLOCK GREEN ST"	19104
"HOLME AV  &  ACADEMY RD"	19114
"N 25TH ST &  W CLEARFIELD ST"	19132
"3900 BLOCK N REESE ST"	19140
"2600 BLOCK W OAKDALE ST"	19132
"2600 BLOCK W OAKDALE ST"	19132
"7200 BLOCK OGONTZ AV"	19138
"7200 BLOCK OGONTZ AV"	19138
"1300 BLOCK S HARMONY ST"	19146
"1300 BLOCK S HARMONY ST"	19146
"1700 BLOCK N HOWARD ST"	19122
"300 BLOCK W QUEEN LA "	19144
"300 BLOCK W QUEEN LA "	19144
"3700 BLOCK GENESEE DR"	19154
"M ST  &  E ERIE AV"	19124
"4700 BLOCK N FRONT ST"	19120
"S 56TH ST  &  HADFIELD ST"	19143
"4900 BLOCK COTTAGE ST"	19124
"2200 BLOCK CROSS ST"	19146
"900 BLOCK E TIOGA ST"	19134
"5500 BLOCK TORRESDALE AV"	19124
"600 BLOCK E WYOMING AV"	19120
"2300 BLOCK S 65TH ST"	19142
"1300 BLOCK S PAXON ST"	19143
"2300 BLOCK N COLORADO ST"	19132
"4800 BLOCK N BROAD ST"	19141
"4800 BLOCK N CARLISLE ST"	19141
"400 BLOCK N 2ND ST"	19123
"1900 BLOCK W PASSYUNK AV"	19145
"5600 BLOCK HEISKELL ST"	19144
"3300 BLOCK MUTTER ST"	19140
"1200 BLOCK BRANDYWINE ST"	19123
"4400 BLOCK N MARSHALL ST"	19140
"2100 BLOCK COBBS CREEK PKWY"	19142
"5200 BLOCK GLENLOCH ST"	19124
"6000 BLOCK KEYSTONE ST"	19135
"4000 BLOCK G ST"	19124
"2700 BLOCK S MARSHALL ST"	19148
"500 BLOCK W LEHIGH AV"	19133
"BELFIELD AV  &  E WISTER ST"	19141
"6400 BLOCK N 20TH ST"	19138
"500 BLOCK E CHELTEN AV"	19144
"3000 BLOCK JASPER ST"	19134
"3100 BLOCK TASKER ST"	19145
"5500 BLOCK WILLOWS AV"	19143
"4200 BLOCK OTTER ST"	19104
"N 4TH ST  &  W NORRIS ST"	19122
"FRANKFORD AV  &  E ORLEANS ST"	19134
"2800 BLOCK RICHMOND ST"	19134
"2000 BLOCK DENNIE ST"	19140
"9400 BLOCK STATE RD"	19114
"500 BLOCK E WESTMORELAND ST"	19134
"5100 BLOCK WAYNE AV"	19144
"3300 BLOCK PALETHORP ST"	19140
"2900 BLOCK EDGLEY ST"	19121
